codigo_pro;nom_proyec;nom_abrev;programa;presupuesto
pnud_cr_18;Atlas de Desarrollo Humano Cantonal;Atlas IDH;Desarrollo Humano y Gobernabilidad Democratica;0
pnud_cr_19;Construyendo una ruta comun al 2030;Hacia una ruta común 2030;Desarrollo Humano y Gobernabilidad Democratica;138000
pnud_cr_02;Costas Circulares;Costas circulares;Naturaleza, Clima y Energia;173195
pnud_cr_15;Fortalecimiento Institucional de la Oficina Tecnica del Ozono;Oficina Técnica del Ozono;Naturaleza, Clima y Energia;195000
pnud_cr_12;Infosegura;Infosegura;Desarrollo Humano y Gobernabilidad Democratica;199000
pnud_cr_07;Programa Conjunto Fortalecimiento Estrategia Puente al Desarrollo;Programa Conjunto ;Desarrollo Humano y Gobernabilidad Democratica;310281
pnud_cr_11;Eliminacion sostenible y respetuosa con el clima de las sustancias que agotan el ozono (SPODS);SPODS;Naturaleza, Clima y Energia;326513
pnud_cr_01;Estrategia Nacional para la sustitucio de plasticos de un solo uso;Plásticos de Un Solo Uso;Naturaleza, Clima y Energia;500000
pnud_cr_09;Estrategia Nacional de Distritos de Frio en Costa Rica para Mejorar la Eficiencia Energitica y Reducir las Emisiones de Efecto Invernadero (DFCR);DFCR;Naturaleza, Clima y Energia;509140
pnud_cr_13;Cuarta Comunicacion Nacional y Segundo Reporte Bienal de Actualizacion;Cuarta Comunicación Nacional;Naturaleza, Clima y Energia;852000
pnud_cr_06;Programa de Pequeñas Donaciones;PPD;Naturaleza, Clima y Energia;1061000
pnud_cr_16;NDC Support Programme;NDC Support Programme;Naturaleza, Clima y Energia;1515602
pnud_cr_14;BIOFIN - Iniciativa Finanzas para la Biodiversidad;BIOFIN;Naturaleza, Clima y Energia;2322000
pnud_cr_20;Proyecto Gestion Integrada de Recurso H├¡drico de la Cuenca Binacional del Rio Sixaola;Cuenca Binacional del Rio Sixaola;Naturaleza, Clima y Energia;4386210
pnud_cr_03;Proyecto ASADAS;ASADAS;Naturaleza, Clima y Energia;5000000
pnud_cr_04;Paisajes Productivos;Paisajes Productivos;Naturaleza, Clima y Energia;6520155
pnud_cr_21;Gran Ecosistema Marino Costero del Pac├¡fico Centroamericano (PACA).;PACA;Naturaleza, Clima y Energia;7147209
pnud_cr_05;Transicion hacia una economia verde urbana y beneficios ambientales globales;GEF 7;Naturaleza, Clima y Energia;10000000
pnud_cr_10;Plan de Eliminacio de HCFC en Costa Rica;HCFC ;Naturaleza, Clima y Energia;11153523
pnud_cr_08;Sistema de Registros Administrativos de Gestion Cultural;Registros Cultural;Desarrollo Humano y Gobernabilidad Democratica;15936000
pnud_cr_17;Pagos basados en Resultados (REDD+);Pagos basados en Resultados (REDD+);Naturaleza, Clima y Energia;540000000
